<?xml version="1.0" encoding="UTF-8"?>
<feature
      id="edu.gatech.hava.hdt.feature"
      label="Hava Feature"
      version="1.0.0.X"
      provider-name="edu.gatech.hava">

   <description url="http://www.example.com/description">
      [Enter Feature Description here.]
   </description>

   <copyright url="http://www.example.com/copyright">
      [Enter Copyright Description here.]
   </copyright>

   <license url="http://www.example.com/license">
      [Enter License Description here.]
   </license>

   <requires>
      <import plugin="edu.gatech.hava.core" version="1.0.0.X" match="greaterOrEqual"/>
      <import plugin="org.eclipse.ui"/>
      <import plugin="org.eclipse.core.runtime"/>
      <import plugin="org.eclipse.core.resources"/>
      <import plugin="org.eclipse.ui.ide"/>
      <import plugin="edu.gatech.hava.hdt.common" version="1.0.0.X" match="greaterOrEqual"/>
      <import plugin="org.eclipse.ui.ide.application" version="1.0.1" match="greaterOrEqual"/>
      <import plugin="org.eclipse.core.commands"/>
      <import plugin="org.eclipse.jface"/>
      <import plugin="org.eclipse.swt"/>
      <import plugin="org.eclipse.ui.workbench"/>
      <import plugin="org.eclipse.osgi"/>
      <import plugin="org.eclipse.jface.text"/>
      <import plugin="org.eclipse.ui.editors"/>
      <import plugin="org.eclipse.debug.core"/>
      <import plugin="org.eclipse.debug.ui"/>
      <import plugin="org.eclipse.core.filebuffers"/>
      <import plugin="edu.gatech.hava.hdt.view" version="1.0.0.X" match="greaterOrEqual"/>
      <import plugin="edu.gatech.hava.debug" version="1.0.0.X" match="greaterOrEqual"/>
   </requires>

   <plugin
         id="edu.gatech.hava.core"
         download-size="0"
         install-size="0"
         version="1.0.0.X"
         unpack="false"/>

   <plugin
         id="edu.gatech.hava.debug"
         download-size="0"
         install-size="0"
         version="1.0.0.X"
         unpack="false"/>

   <plugin
         id="edu.gatech.hava.hdt"
         download-size="0"
         install-size="0"
         version="1.0.0.X"
         unpack="false"/>

   <plugin
         id="edu.gatech.hava.hdt.common"
         download-size="0"
         install-size="0"
         version="1.0.0.X"
         unpack="false"/>

   <plugin
         id="edu.gatech.hava.hdt.editor"
         download-size="0"
         install-size="0"
         version="1.0.0.X"
         unpack="false"/>

   <plugin
         id="edu.gatech.hava.hdt.launch"
         download-size="0"
         install-size="0"
         version="1.0.0.X"
         unpack="false"/>

   <plugin
         id="edu.gatech.hava.hdt.view"
         download-size="0"
         install-size="0"
         version="1.0.0.X"
         unpack="false"/>

   <plugin
         id="edu.gatech.hava.hdt.perspective"
         download-size="0"
         install-size="0"
         version="1.0.0.X"
         unpack="false"/>

</feature>
